<?xml version="1.0" encoding="UTF-8"?>
<!DOCTYPE mapper
        PUBLIC "-//mybatis.org//DTD Mapper 3.0//EN"
        "http://mybatis.org/dtd/mybatis-3-mapper.dtd">
<mapper namespace="com.iparking.servicemodule.mapper.AreaMapper">

    <resultMap id="BaseResultMap" type="com.iparking.servicemodule.pojo.Area">
            <id property="id" column="id" jdbcType="CHAR"/>
            <result property="createTime" column="create_time" jdbcType="TIMESTAMP"/>
            <result property="updateTime" column="update_time" jdbcType="TIMESTAMP"/>
            <result property="isDel" column="is_del" jdbcType="INTEGER"/>
            <result property="name" column="name" jdbcType="VARCHAR"/>
            <result property="sum" column="sum" jdbcType="INTEGER"/>
    </resultMap>

    <sql id="Base_Column_List">
        id,create_time,update_time,
        is_del,name,sum
    </sql>
</mapper>
