<?xml version="1.0" encoding="UTF-8"?>
<!DOCTYPE mapper
        PUBLIC "-//mybatis.org//DTD Mapper 3.0//EN"
        "http://mybatis.org/dtd/mybatis-3-mapper.dtd">
<mapper namespace="com.iparking.servicemodule.mapper.PlaceMapper">

    <resultMap id="BaseResultMap" type="com.iparking.servicemodule.pojo.Place">
            <id property="id" column="id" jdbcType="CHAR"/>
            <result property="createTime" column="create_time" jdbcType="TIMESTAMP"/>
            <result property="updateTime" column="update_time" jdbcType="TIMESTAMP"/>
            <result property="isDel" column="is_del" jdbcType="INTEGER"/>
            <result property="status" column="status" jdbcType="CHAR"/>
            <result property="onwerId" column="onwer_id" jdbcType="CHAR"/>
            <result property="startTime" column="start_time" jdbcType="TIMESTAMP"/>
            <result property="price" column="price" jdbcType="INTEGER"/>
            <result property="endTime" column="end_time" jdbcType="TIMESTAMP"/>
            <result property="areaId" column="area_id" jdbcType="CHAR"/>
            <result property="name" column="name" jdbcType="VARCHAR"/>
    </resultMap>

    <sql id="Base_Column_List">
        id,create_time,update_time,
        is_del,status,onwer_id,
        start_time,price,end_time,
        area_id,name
    </sql>
    <select id="getPlaceShouldFree" resultType="com.iparking.servicemodule.pojo.Place">
        SELECT *
        FROM place
        WHERE status = #{status} and end_time <![CDATA[<]]> #{now}
    </select>

</mapper>
