<?xml version="1.0" encoding="UTF-8"?>
<!DOCTYPE mapper
        PUBLIC "-//mybatis.org//DTD Mapper 3.0//EN"
        "http://mybatis.org/dtd/mybatis-3-mapper.dtd">
<mapper namespace="com.iparking.servicemodule.mapper.PropertyMapper">

    <resultMap id="BaseResultMap" type="com.iparking.servicemodule.pojo.Property">
            <id property="id" column="id" jdbcType="CHAR"/>
            <result property="username" column="username" jdbcType="VARCHAR"/>
            <result property="password" column="password" jdbcType="VARCHAR"/>
            <result property="createTime" column="create_time" jdbcType="TIMESTAMP"/>
            <result property="updateTime" column="update_time" jdbcType="TIMESTAMP"/>
            <result property="isDel" column="is_del" jdbcType="INTEGER"/>
            <result property="roleId" column="role_id" jdbcType="CHAR"/>
            <result property="lastLoginTime" column="last_login_time" jdbcType="TIMESTAMP"/>
    </resultMap>

    <sql id="Base_Column_List">
        id,username,password,
        create_time,update_time,is_del,
        role_id,last_login_time
    </sql>
</mapper>
