<?xml version="1.0" encoding="UTF-8"?>
<!DOCTYPE mapper
        PUBLIC "-//mybatis.org//DTD Mapper 3.0//EN"
        "http://mybatis.org/dtd/mybatis-3-mapper.dtd">
<mapper namespace="com.iparking.servicemodule.mapper.RefundMapper">

    <resultMap id="BaseResultMap" type="com.iparking.servicemodule.pojo.Refund">
            <id property="id" column="id" jdbcType="CHAR"/>
            <result property="price" column="price" jdbcType="INTEGER"/>
            <result property="billId" column="bill_id" jdbcType="CHAR"/>
            <result property="reason" column="reason" jdbcType="VARCHAR"/>
            <result property="status" column="status" jdbcType="VARCHAR"/>
            <result property="createTime" column="create_time" jdbcType="TIMESTAMP"/>
            <result property="updateTime" column="update_time" jdbcType="TIMESTAMP"/>
    </resultMap>

    <sql id="Base_Column_List">
        id,price,bill_id,
        reason,status,create_time,
        update_time
    </sql>
</mapper>
