<?xml version="1.0" encoding="UTF-8"?>
<!DOCTYPE mapper
        PUBLIC "-//mybatis.org//DTD Mapper 3.0//EN"
        "http://mybatis.org/dtd/mybatis-3-mapper.dtd">
<mapper namespace="com.iparking.servicemodule.mapper.RoleMapper">

    <resultMap id="BaseResultMap" type="com.iparking.servicemodule.pojo.Role">
            <id property="id" column="id" jdbcType="CHAR"/>
            <result property="name" column="name" jdbcType="VARCHAR"/>
            <result property="createTime" column="create_time" jdbcType="TIMESTAMP"/>
            <result property="updateTime" column="update_time" jdbcType="TIMESTAMP"/>
            <result property="isDel" column="is_del" jdbcType="INTEGER"/>
    </resultMap>

    <sql id="Base_Column_List">
        id,name,create_time,
        update_time,is_del
    </sql>


    <select id="getRoleIdsByMenuId" resultType="com.iparking.servicemodule.pojo.Role">
        SELECT *
        FROM role
        where role.id in (
            select role_id
            from role_menu
            where menu_id = #{id}
        )
    </select>
    <select id="getRolesByVistorId" resultType="com.iparking.servicemodule.pojo.Role">
        select *
        from role
        where id in (
            select role_id
            from role_user
            where user_id = #{id}
        )
    </select>
</mapper>
