<?xml version="1.0" encoding="UTF-8"?>
<!DOCTYPE mapper
        PUBLIC "-//mybatis.org//DTD Mapper 3.0//EN"
        "http://mybatis.org/dtd/mybatis-3-mapper.dtd">
<mapper namespace="com.iparking.servicemodule.mapper.TenantMapper">

    <resultMap id="BaseResultMap" type="com.iparking.servicemodule.pojo.Tenant">
            <id property="id" column="id" jdbcType="CHAR"/>
            <result property="username" column="username" jdbcType="VARCHAR"/>
            <result property="password" column="password" jdbcType="VARCHAR"/>
            <result property="createTime" column="create_time" jdbcType="TIMESTAMP"/>
            <result property="updateTime" column="update_time" jdbcType="TIMESTAMP"/>
            <result property="isDel" column="is_del" jdbcType="INTEGER"/>
            <result property="lastLoginTime" column="last_login_time" jdbcType="TIMESTAMP"/>
            <result property="carId" column="car_id" jdbcType="CHAR"/>
    </resultMap>

    <sql id="Base_Column_List">
        id,username,password,
        create_time,update_time,is_del,
        last_login_time,car_id
    </sql>
</mapper>
