<?xml version="1.0" encoding="UTF-8"?>
<!DOCTYPE mapper
        PUBLIC "-//mybatis.org//DTD Mapper 3.0//EN"
        "http://mybatis.org/dtd/mybatis-3-mapper.dtd">
<mapper namespace="com.iparking.servicemodule.mapper.WalletMapper">

    <resultMap id="BaseResultMap" type="com.iparking.servicemodule.pojo.Wallet">
            <id property="id" column="id" jdbcType="CHAR"/>
            <result property="value" column="value" jdbcType="INTEGER"/>
            <result property="onwerId" column="onwer_id" jdbcType="CHAR"/>
            <result property="createTime" column="create_time" jdbcType="TIMESTAMP"/>
            <result property="updateTime" column="update_time" jdbcType="TIMESTAMP"/>
            <result property="isDel" column="is_del" jdbcType="INTEGER"/>
    </resultMap>

    <sql id="Base_Column_List">
        id,value,onwer_id,
        create_time,update_time,is_del
    </sql>
</mapper>
